{"val_loss": 0.00034136453177779913, "epoch": 399, "trainer/global_step": 4399, "_timestamp": 1725543359.9836087, "_runtime": 1382.4520816802979, "_step": 799, "train_loss": 0.00021401765116024762, "_wandb": {"runtime": 1381}}