{
    "train_psnr channel 1": 22.878496170043945,
    "val_psnr channel 1": 26.44931411743164,
    "model_weights_filename": "swin2sr_epoch10_valloss0.0021.pth",
    "train_psnr channel 2": 27.113330841064453,
    "_runtime": 47.20202683,
    "loss": 0.0016435374272987247,
    "trainer/global_step": 219,
    "_timestamp": 1726740035.8425055,
    "val_loss": 0.0020711065735667944,
    "Performance_Section": "\n    ### Run ID: vqr14xvu\n    **Configuration:** LR: 0.001, Epochs: 400, Augmentations: True, Noisy_data: False\n\n    #### Performance Metrics:\n    - **PSNR channel 1**: 26.44931411743164\n    - **PSNR channel 2**: 25.772939682006836\n    ",
    "epoch": 9,
    "_step": 29,
    "val_psnr channel 2": 25.772939682006836,
    "1qc6558x": {
        "train_psnr channel 2": 27.113330841064453,
        "epoch": 9,
        "_step": 29,
        "train_psnr channel 1": 22.878496170043945,
        "_timestamp": 1726746899.5474663,
        "val_loss": 0.0020711065735667944,
        "val_psnr channel 2": 25.772939682006836,
        "Performance_Section": "\n    ### Run ID: 1qc6558x\n    **Configuration:** LR: 0.001, Epochs: 400, Augmentations: True, Noisy_data: False\n\n    #### Performance Metrics:\n    - **PSNR channel 1**: 26.44931411743164\n    - **PSNR channel 2**: 25.772939682006836\n    ",
        "model_weights_filename": "1qc6558xswin2sr_epoch10_valloss0.0021.pth",
        "trainer/global_step": 219,
        "_runtime": 46.528083941,
        "val_psnr channel 1": 26.44931411743164,
        "loss": 0.0016435374272987247
    },
    "vjo5xpv9": {
        "val_psnr channel 2": 25.772939682006836,
        "model_weights_filename": "vjo5xpv9swin2sr_epoch10_valloss0.0021.pth",
        "_step": 29,
        "epoch": 9,
        "_runtime": 45.865774032,
        "val_psnr channel 1": 26.44931411743164,
        "trainer/global_step": 219,
        "loss": 0.0016435374272987247,
        "val_loss": 0.0020711065735667944,
        "train_psnr channel 2": 27.113330841064453,
        "_timestamp": 1726747039.0806656,
        "Performance_Section": "\n    ### Run ID: vjo5xpv9\n    **Configuration:** LR: 0.001, Epochs: 400, Augmentations: True, Noisy_data: False\n\n    #### Performance Metrics:\n    - **PSNR channel 1**: 26.44931411743164\n    - **PSNR channel 2**: 25.772939682006836\n    ",
        "train_psnr channel 1": 22.878496170043945
    }
}