{
    "train_psnr channel 1": 22.878496170043945,
    "val_psnr channel 1": 26.44931411743164,
    "model_weights_filename": "swin2sr_epoch10_valloss0.0021.pth",
    "train_psnr channel 2": 27.113330841064453,
    "_runtime": 47.20202683,
    "loss": 0.0016435374272987247,
    "trainer/global_step": 219,
    "_timestamp": 1726740035.8425055,
    "val_loss": 0.0020711065735667944,
    "Performance_Section": "\n    ### Run ID: vqr14xvu\n    **Configuration:** LR: 0.001, Epochs: 400, Augmentations: True, Noisy_data: False\n\n    #### Performance Metrics:\n    - **PSNR channel 1**: 26.44931411743164\n    - **PSNR channel 2**: 25.772939682006836\n    ",
    "epoch": 9,
    "_step": 29,
    "val_psnr channel 2": 25.772939682006836,
    "1qc6558x": {
        "train_psnr channel 2": 27.113330841064453,
        "epoch": 9,
        "_step": 29,
        "train_psnr channel 1": 22.878496170043945,
        "_timestamp": 1726746899.5474663,
        "val_loss": 0.0020711065735667944,
        "val_psnr channel 2": 25.772939682006836,
        "Performance_Section": "\n    ### Run ID: 1qc6558x\n    **Configuration:** LR: 0.001, Epochs: 400, Augmentations: True, Noisy_data: False\n\n    #### Performance Metrics:\n    - **PSNR channel 1**: 26.44931411743164\n    - **PSNR channel 2**: 25.772939682006836\n    ",
        "model_weights_filename": "1qc6558xswin2sr_epoch10_valloss0.0021.pth",
        "trainer/global_step": 219,
        "_runtime": 46.528083941,
        "val_psnr channel 1": 26.44931411743164,
        "loss": 0.0016435374272987247
    },
    "vjo5xpv9": {
        "val_psnr channel 2": 25.772939682006836,
        "model_weights_filename": "vjo5xpv9swin2sr_epoch10_valloss0.0021.pth",
        "_step": 29,
        "epoch": 9,
        "_runtime": 45.865774032,
        "val_psnr channel 1": 26.44931411743164,
        "trainer/global_step": 219,
        "loss": 0.0016435374272987247,
        "val_loss": 0.0020711065735667944,
        "train_psnr channel 2": 27.113330841064453,
        "_timestamp": 1726747039.0806656,
        "Performance_Section": "\n    ### Run ID: vjo5xpv9\n    **Configuration:** LR: 0.001, Epochs: 400, Augmentations: True, Noisy_data: False\n\n    #### Performance Metrics:\n    - **PSNR channel 1**: 26.44931411743164\n    - **PSNR channel 2**: 25.772939682006836\n    ",
        "train_psnr channel 1": 22.878496170043945
    },
    "e4nc7m54": {
        "Performance_Section": "\n    ### Run ID: e4nc7m54\n    **Configuration:** LR: 0.001, Epochs: 400, Augmentations: True, Noisy_data: False\n\n    #### Performance Metrics:\n    - **PSNR channel 1**: None\n    - **PSNR channel 2**: None\n    ",
        "model_weights_filename": "model.pth"
    },
    "ys245a98": {
        "trainer/global_step": 219,
        "_timestamp": 1726833340.1077342,
        "epoch": 9,
        "loss_epoch": 0.0017917015356943011,
        "model_weights_filename": "ys245a98swin2sr_epoch10_valloss0.0023.pth",
        "val_psnr channel 1": 25.449392318725586,
        "Performance_Section": "\n    ### Run ID: ys245a98\n    **Configuration:** LR: 0.001, Epochs: 400, Augmentations: True, Noisy_data: True, EarlyStopping and ReduceOnPlateau\n\n    #### Performance Metrics:\n    - **PSNR channel 1**: 25.449392318725586\n    - **PSNR channel 2**: 26.190393447875977\n    ",
        "train_psnr channel 1": 27.407819747924805,
        "train_psnr channel 2": 25.93619155883789,
        "val_loss_epoch": 0.0022757898550480604,
        "loss_step": 0.0015604221262037754,
        "val_loss_step": 0.0019069997360929847,
        "_runtime": 46.127471723,
        "_step": 50,
        "val_psnr channel 2": 26.190393447875977
    },
    "axrpw20n": {
        "val_loss_step": 0.0014699947787448764,
        "train_psnr channel 1": 23.470603942871094,
        "train_psnr channel 2": 26.234569549560547,
        "trainer/global_step": 175,
        "val_loss_epoch": 0.0018746579298749566,
        "val_psnr channel 2": 26.937780380249023,
        "loss_step": 0.002888574730604887,
        "model_weights_filename": "axrpw20nswin2sr",
        "_runtime": 57.747542317,
        "epoch": 15,
        "val_psnr channel 1": 26.558156967163086,
        "_timestamp": 1726840097.2053404,
        "_step": 64,
        "loss_epoch": 0.0019271813798695803,
        "Performance_Section": "\n    ### Run ID: axrpw20n\n    **Configuration:** LR: 0.001, Epochs: 400, Augmentations: True, Noisy_data: True, EarlyStopping and ReduceOnPlateau\n\n    #### Performance Metrics:\n    - **PSNR channel 1**: 26.558156967163086\n    - **PSNR channel 2**: 26.937780380249023\n    - ** val_loss **: 0.0018746579298749566\n    "
    },
    "oc47wmuu": {
        "_step": 656,
        "loss_epoch": 0.005497044418007135,
        "model_weights_filename": "oc47wmuuswin2sr",
        "trainer/global_step": 536,
        "train_psnr channel 2": 27.108509063720703,
        "val_loss_step": 0.00647316686809063,
        "val_loss_epoch": 0.006029385607689619,
        "val_psnr channel 1": 19.365976333618164,
        "loss_step": 0.005993295460939407,
        "_timestamp": 1727355560.9767966,
        "val_psnr channel 2": 26.767162322998047,
        "train_psnr channel 1": 18.27588653564453,
        "_runtime": 99.512795314,
        "Performance_Section": "\n    ### Run ID: oc47wmuu\n    **Configuration:** LR: 0.001, Augmentations: True, Noisy_data: True, EarlyStopping and ReduceOnPlateau, Noisy:1000, Gaus:2000\n\n    #### Performance Metrics:\n    - **PSNR channel 1**: 19.365976333618164\n    - **PSNR channel 2**: 26.767162322998047\n    - ** val_loss **: 0.006029385607689619\n    ",
        "epoch": 24
    },
    "w34s44lu": {
        "trainer/global_step": 177,
        "_timestamp": 1727355802.448725,
        "val_loss_epoch": 0.006891969591379166,
        "Performance_Section": "\n    ### Run ID: w34s44lu\n    **Configuration:** LR: 0.001, Augmentations: True, Noisy_data: True, EarlyStopping and ReduceOnPlateau, Noisy:1000, Gaus:2000\n\n    #### Performance Metrics:\n    - **PSNR channel 1**: 19.197738647460938\n    - **PSNR channel 2**: 26.33536148071289\n    - ** val_loss **: 0.006891969591379166\n    ",
        "model_weights_filename": "w34s44luswin2sr",
        "train_psnr channel 1": 16.939149856567383,
        "train_psnr channel 2": 26.660602569580078,
        "_runtime": 32.961611535,
        "loss_step": 0.009434080682694912,
        "_step": 217,
        "val_loss_step": 0.007846911437809467,
        "epoch": 8,
        "val_psnr channel 1": 19.197738647460938,
        "val_psnr channel 2": 26.33536148071289,
        "loss_epoch": 0.007294250186532736
    },
    "ei80hc7d": {
        "epoch": 31,
        "loss_step": 0.006456860341131687,
        "train_psnr channel 1": 18.688161849975586,
        "_runtime": 110.208841074,
        "Performance_Section": "\n    ### Run ID: ei80hc7d\n    **Configuration:** LR: 0.001, Augmentations: True, Noisy_data: True, EarlyStopping and ReduceOnPlateau, Noisy:1000, Gaus:2000\n\n    #### Performance Metrics:\n    - **PSNR channel 1**: 19.378002166748047\n    - **PSNR channel 2**: 26.1540470123291\n    - ** val_loss **: 0.006620100699365139\n    ",
        "model_weights_filename": "ei80hc7dswin2sr",
        "trainer/global_step": 694,
        "train_psnr channel 2": 25.839611053466797,
        "_timestamp": 1727356298.8654945,
        "_step": 849,
        "val_psnr channel 2": 26.1540470123291,
        "loss_epoch": 0.005668895319104195,
        "val_psnr channel 1": 19.378002166748047,
        "val_loss_step": 0.007789249997586012,
        "val_loss_epoch": 0.006620100699365139
    },
    "gb8180a5": {
        "val_psnr channel 2": 27.614696502685547,
        "trainer/global_step": 1205,
        "train_psnr channel 1": 21.82625389099121,
        "_step": 1475,
        "val_psnr channel 1": 19.632884979248047,
        "model_weights_filename": "gb8180a5swin2sr",
        "train_psnr channel 2": 27.853805541992188,
        "epoch": 54,