{"val_loss": 0.00024668482365086675, "epoch": 222, "trainer/global_step": 2452, "_timestamp": 1725547329.1779728, "_runtime": 816.975546836853, "_step": 445, "train_loss": 0.0003335670044180006}