{"val_loss": 0.00026383186923339963, "epoch": 399, "trainer/global_step": 4399, "_timestamp": 1725617981.8053765, "_runtime": 1408.0088856220245, "_step": 799, "train_loss": 0.00022305964375846088, "_wandb": {"runtime": 1407}}