{"val_loss": 0.000415281014284119, "epoch": 399, "trainer/global_step": 4399, "_timestamp": 1725466192.583352, "_runtime": 1417.6904301643372, "_step": 799, "train_loss": 0.0002606447960715741, "_wandb": {"runtime": 1417}}